Usuario,Nombre,Email,password,Preferencias 
1,Joan Martinez,paige73@gmail.com,pass1,"Tecnología GPS, Sensores"
2,Phillip Solis,joseph17@hotmail.com,pass2,"Asientos de Cuero, Eficiencia de combustible"
3,Paula Pacheco,jelliott@johnson.com,pass3,"Tecnología GPS, Sensores"
4,Kendra Lewis,harrisaaron@bell-day.com,pass4,"Tecnología GPS, Asientos de Cuero, Eficiencia de combustible"
5,Brandon Smith,traviscook@yahoo.com,pass5,"Sensores, Eficiencia de combustible"
6,James Gilmore,bradley52@hotmail.com,pass6,"Tecnología GPS, Sensores, Asientos de Cuero"
7,Cynthia Lamb,jason03@hotmail.com,pass7,"Tecnología GPS, Sensores, Eficiencia de combustible"
8,Gregory Wise,gallen@yahoo.com,pass8,"Tecnología GPS, Asientos de Cuero"
9,Natalie Smith,whitedaniel@yahoo.com,pass9,"Sensores, Eficiencia de combustible"
10,William Johnson,sharikelly@nguyen.com,pass10,"Tecnología GPS, Sensores, Asientos de Cuero"
11,Mr. Thomas Stephens,jennifer26@smith.biz,pass11,"Tecnología GPS, Eficiencia de combustible"
12,Andrew Pratt,onealanthony@pennington.info,pass12,"Sensores, Asientos de Cuero"
13,Aaron Combs,tranjohnny@james.com,pass13,"Tecnología GPS, Sensores, Eficiencia de combustible"
14,Gary Thompson,chadburgess@gmail.com,pass14,"Tecnología GPS, Asientos de Cuero, Sensores"
15,Theresa Garcia,mark52@blackwell.info,pass15,"Tecnología GPS, Asientos de Cuero, Eficiencia de combustible"
16,Misty Richardson,webermatthew@chandler-phillips.com,pass16,"Asientos de Cuero, Tecnología GPS, Sensores"
17,Katherine Powell,kevin11@haley.com,pass17,"Tecnología GPS, Asientos de Cuero"
18,Elizabeth Anderson,anthony91@yahoo.com,pass18,"Tecnología GPS, Sensores, Eficiencia de combustible"
19,Charles Allen,nelsonjohn@yahoo.com,pass19,"Asientos de Cuero, Tecnología GPS, Sensores"
20,Mary Foster,leslie46@stephens.com,pass20,"Tecnología GPS, Eficiencia de combustible"
21,Scott Baker,burnettsamantha@gmail.com,pass21,"Asientos de Cuero, Sensores, Eficiencia de combustible"
22,Michael Collins,patrickpoole@gmail.com,pass22,"Tecnología GPS, Asientos de Cuero, Eficiencia de combustible"
23,Jeremy Clark,nwilkerson@jones.com,pass23,"Tecnología GPS, Sensores, Eficiencia de combustible"
24,Ralph Brooks,alexis20@yahoo.com,pass24,"Tecnología GPS, Asientos de Cuero"
25,Jessica Ewing,amandaduran@gmail.com,pass25,"Tecnología GPS, Sensores, Asientos de Cuero"
26,Melissa Herrera,gary34@rhodes-thompson.biz,pass26,"Tecnología GPS, Asientos de Cuero"
27,Lisa Powers,stephanie42@hotmail.com,pass27,"Tecnología GPS, Sensores"
28,Joshua Day,butleranthony@gmail.com,pass28,"Sensores, Eficiencia de combustible"
29,Kelly Murray,michael97@baker.info,pass29,"Tecnología GPS, Asientos de Cuero"
30,Angela Myers,darrenwilliams@gmail.com,pass30,"Sensores, Eficiencia de combustible"
31,Shane Calderon,jessicacox@kelly-morales.net,pass31,"Tecnología GPS, Asientos de Cuero"
32,Caroline Perry,alicia62@owens-stone.info,pass32,"Sensores, Eficiencia de combustible"
33,Cristian Pearson,stephensonanne@yahoo.com,pass33,"Tecnología GPS, Sensores"
34,Jon Thomas,cory50@cooper.org,pass34,"Tecnología GPS, Asientos de Cuero"
35,Nicole Jones,davidflores@lee.biz,pass35,"Tecnología GPS, Sensores, Eficiencia de combustible"
36,Benjamin Reed,pfuller@walker.com,pass36,"Asientos de Cuero, Tecnología GPS, Sensores"
37,Andrew Davis,twilson@hotmail.com,pass37,"Tecnología GPS, Eficiencia de combustible"
38,Sharon Thomas,jeff35@gmail.com,pass38,"Tecnología GPS, Sensores, Eficiencia de combustible"
39,Zachary Vargas,justin37@yahoo.com,pass39,"Tecnología GPS, Sensores, Asientos de Cuero"
40,Jonathan Hunt,david86@jimenez-stone.org,pass40,"Tecnología GPS, Asientos de Cuero"
41,Jennifer Miles,evanjones@huff.com,pass41,"Tecnología GPS, Eficiencia de combustible"
42,April Frey,kharris@hardy.com,pass42,"Sensores, Asientos de Cuero"
43,Dakota Smith,nathanenglish@yahoo.com,pass43,"Tecnología GPS, Eficiencia de combustible"
44,Cody Grant,teresaali@hotmail.com,pass44,"Tecnología GPS, Sensores"
45,John Nguyen,cassandra49@hotmail.com,pass45,"Tecnología GPS, Asientos de Cuero"
46,Alexis Russo,Sensores,pass46,Eficiencia de combustible
47,Austin Peterson,jennifervega@yahoo.com,pass47,"Asientos de Cuero, Tecnología GPS, Sensores"
48,Brianna Jones,ballardstephanie@yahoo.com,pass48,"Tecnología GPS, Eficiencia de combustible"
49,Tammy Bennett,amber60@hotmail.com,pass49,"Sensores, Asientos de Cuero"
50,Amy Rose,rebeccataylor@gmail.com,pass50,"Tecnología GPS, Eficiencia de combustible"
51,Stephanie Kelley,Sensores,pass51,Asientos de Cuero
52,Monique Smith,ashley63@hotmail.com,pass52,"Asientos de Cuero, Tecnología GPS, Eficiencia de combustible"
53,Michael Diaz,bparsons@travis.com,pass53,"Tecnología GPS, Sensores"
54,John Schneider,curtishernandez@yahoo.com,pass54,"Asientos de Cuero, Tecnología GPS, Eficiencia de combustible"
55,Gary Sullivan,jmitchell@davenport-lyons.biz,pass55,"Tecnología GPS, Sensores"
56,Dana Brady,hmassey@yahoo.com,pass56,"Asientos de Cuero, Tecnología GPS, Eficiencia de combustible"
57,Elizabeth Cooper,rodney69@todd.com,pass57,"Tecnología GPS, Sensores"
58,Sean Sims,harrisonphilip@hardy.biz,pass58,"Tecnología GPS, Asientos de Cuero"
59,Christine Diaz,wmcclain@ramos.com,pass59,"Sensores, Eficiencia de combustible"
60,Samantha Lee,ashley80@jackson-taylor.com,pass60,"Tecnología GPS, Asientos de Cuero"
61,Christopher Howard,justinhunt@rose.com,pass61,"Asientos de Cuero, Tecnología GPS, Sensores"
62,David Haley,xstephens@santiago.org,pass62,"Eficiencia de combustible, Tecnología GPS"
63,Mark Gilbert,solomonchristopher@torres-sweeney.info,pass63,"Tecnología GPS, Sensores"
64,Brenda Le,joshuablair@tate.info,pass64,"Asientos de Cuero, Tecnología GPS, Eficiencia de combustible"
65,Danielle Byrd,joshuabright@brewer.net,pass65,"Sensores, Asientos de Cuero"
66,Michael Potts,evan00@gmail.com,pass66,"Asientos de Cuero, Tecnología GPS, Eficiencia de combustible"
67,Keith Johnson,amandamanning@gmail.com,pass67,"Eficiencia de combustible, Asientos de Cuero, Tecnología GPS"
68,Benjamin Brown,michelle56@mooney.net,pass68,"Tecnología GPS, Asientos de Cuero"
69,Kim Watts,orobinson@johnson-monroe.net,pass69,"Tecnología GPS, Sensores"
70,Dawn Smith,sandersjennifer@white.com,pass70,"Asientos de Cuero, Eficiencia de combustible"
71,Michael Ortiz,john66@nielsen-alvarado.com,pass71,"Eficiencia de combustible, Tecnología GPS, Sensores"
72,Robert Guerra,jenniferbrown@reyes.biz,pass72,"Tecnología GPS, Asientos de Cuero"
73,Brittany Hines,ymartinez@richardson.biz,pass73,"Tecnología GPS, Eficiencia de combustible"
74,Patricia Williams,thomasjeremiah@yahoo.com,pass74,"Sensores, Asientos de Cuero"
75,Connor Fritz,twalker@hotmail.com,pass75,"Eficiencia de combustible, Tecnología GPS, Sensores"
76,Melanie Acosta,michael44@jones-joseph.org,pass76,"Tecnología GPS, Sensores, Asientos de Cuero"
77,Christopher Robbins,nathanhall@yahoo.com,pass77,"Tecnología GPS, Eficiencia de combustible"
78,Daniel Reilly,ocollins@hotmail.com,pass78,"Asientos de Cuero, Tecnología GPS, Sensores"
79,Aaron Hall,alisha72@hughes-logan.net,pass79,"Tecnología GPS, Sensores"
80,Joshua Martinez,jali@hall.biz,pass80,"Tecnología GPS, Asientos de Cuero"
81,Xavier Mcguire,jamie27@gmail.com,pass81,"Sensores, Eficiencia de combustible"
82,Sara Carter,kevinmiller@fleming.com,pass82,"Tecnología GPS, Asientos de Cuero"
83,Kyle Pham,kentanna@gmail.com,pass83,"Tecnología GPS, Sensores, Eficiencia de combustible"
84,Elizabeth Roberts,donald70@gmail.com,pass84,"Asientos de Cuero, Tecnología GPS, Sensores"
85,Dr. James Torres,wwilson@hotmail.com,pass85,"Tecnología GPS, Eficiencia de combustible"
86,Sarah Anderson,mooneymichael@yahoo.com,pass86,"Tecnología GPS, Asientos de Cuero"
87,Vincent Knap,lyonsmatthew@casey.biz,pass87,"Sensores, Eficiencia de combustible"
88,Anna Miller,daniel74@yahoo.com,pass88,"Asientos de Cuero, Tecnología GPS, Sensores"
89,Morgan Allen,yvettesutton@yahoo.com,pass89,"Asientos de Cuero, Eficiencia de combustible, Tecnología GPS"
90,Lori Mccarthy,nataliewhite@yahoo.com,pass90,"Tecnología GPS, Sensores"
91,Denise Bell,wallacejohn@hotmail.com,pass91,"Tecnología GPS, Eficiencia de combustible"
92,April Mclaughlin,rhodeswilliam@johnson.com,pass92,"Sensores, Asientos de Cuero"
93,Anthony Miller,sean01@hamilton.com,pass93,"Asientos de Cuero, Tecnología GPS, Eficiencia de combustible"
94,Laurie Brown,sweeneytony@yahoo.com,pass94,"Tecnología GPS, Sensores, Asientos de Cuero"
95,Anthony Jefferson,snyderwilliam@gmail.com,pass95,"Asientos de Cuero, Tecnología GPS, Eficiencia de combustible"
96,Alexis Bauer,sellers@stone.com,pass96,"Tecnología GPS, Sensores"
97,Kent Thompson,joe90@hotmail.com,pass97,"Tecnología GPS, Asientos de Cuero"
98,Adrienne Nixon,aaronkey@gmail.com,pass98,"Eficiencia de combustible, Tecnología GPS, Sensores"
99,Cory Duncan,ronnie59@mullins.com,pass99,"Eficiencia de combustible, Tecnología GPS, Asientos de Cuero"
100,Tracey Jackson,jessicacherry@yahoo.com,pass100,"Eficiencia de combustible, Tecnología GPS, Sensores"